{"pascal_voc/mAP": 0.00019475231238175184, "pascal_voc/AP50": 0.0, "data_time": 21.647682348887127, "time": 24.424172004063923}