{"pascal_voc/mAP": 0.0005072088097222149, "pascal_voc/AP50": 0.001, "data_time": 12.250761369864145, "time": 16.333790679772694}