{"pascal_voc/mAP": 0.6265859007835388, "pascal_voc/AP50": 0.627, "data_time": 2.325966715812683, "time": 4.90902195374171}