{"pascal_voc/mAP": 0.02103324979543686, "pascal_voc/AP50": 0.021, "data_time": 7.039370894432068, "time": 9.599656343460083}