{"pascal_voc/mAP": 0.6602587103843689, "pascal_voc/AP50": 0.66, "data_time": 1.7708655129308286, "time": 4.124127388000488}