{"pascal_voc/mAP": 0.000883463304489851, "pascal_voc/AP50": 0.001, "data_time": 4.872241922046827, "time": 7.529461902120839}