{"pascal_voc/mAP": 0.00042356044286862016, "pascal_voc/AP50": 0.0, "data_time": 8.447778960069021, "time": 10.958297153313955}