{"pascal_voc/mAP": 0.6265859007835388, "pascal_voc/AP50": 0.627, "data_time": 17.824509263038635, "time": 21.979765733083088}