{"pascal_voc/mAP": 0.7761516571044922, "pascal_voc/AP30": 0.776, "data_time": 3.9070119339486826, "time": 6.280227101367453}