{"pascal_voc/mAP": 0.005318138282746077, "pascal_voc/AP50": 0.005, "data_time": 4.620728373527527, "time": 7.197191298007965}