{"pascal_voc/mAP": 0.0, "pascal_voc/AP50": 0.0, "data_time": 1.206013282140096, "time": 1.7385530074437459}