{"pascal_voc/mAP": 0.6265859007835388, "pascal_voc/AP50": 0.627, "data_time": 2.238657216231028, "time": 4.813896894454956}