{"pascal_voc/mAP": 0.0006952238618396223, "pascal_voc/AP50": 0.001, "data_time": 11.205519100030264, "time": 14.14805519580841}