{"pascal_voc/mAP": 0.0, "pascal_voc/AP50": 0.0, "data_time": 5.278441290060679, "time": 7.4877055287361145}