{"pascal_voc/mAP": 0.0006952238618396223, "pascal_voc/AP50": 0.001, "data_time": 2.4529767831166587, "time": 5.408268392086029}