{"pascal_voc/mAP": 0.0009060132433660328, "pascal_voc/AP30": 0.001, "data_time": 1.8460743634597114, "time": 4.498695653417836}