{"pascal_voc/mAP": 0.0001557221548864618, "pascal_voc/AP50": 0.0, "data_time": 2.0919302442799443, "time": 4.80274974781534}