{"pascal_voc/mAP": 0.0006952238618396223, "pascal_voc/AP50": 0.001, "data_time": 2.1636486450831094, "time": 5.120683670043945}