{"pascal_voc/mAP": 0.005318138282746077, "pascal_voc/AP50": 0.005, "data_time": 5.292549391587575, "time": 7.866288761297862}